<TextureAtlas imagePath="interfacePack_sheet.png">
	<SubTexture name="bannerHanging.png" x="0" y="0" width="268" height="59"/>
	<SubTexture name="bannerModern.png" x="0" y="59" width="264" height="50"/>
	<SubTexture name="bannerScroll.png" x="0" y="109" width="261" height="63"/>
	<SubTexture name="button_metalBlank.png" x="360" y="571" width="24" height="24"/>
	<SubTexture name="button_metalCircle.png" x="312" y="571" width="24" height="24"/>
	<SubTexture name="button_metalClose.png" x="352" y="320" width="24" height="24"/>
	<SubTexture name="button_rectangleMetal.png" x="0" y="576" width="40" height="20"/>
	<SubTexture name="button_rectangleMetalClose.png" x="160" y="576" width="40" height="20"/>
	<SubTexture name="button_rectangleRed.png" x="200" y="576" width="40" height="20"/>
	<SubTexture name="button_rectangleRedClose.png" x="40" y="576" width="40" height="20"/>
	<SubTexture name="button_rectangleWood.png" x="80" y="576" width="40" height="20"/>
	<SubTexture name="button_rectangleWoodClose.png" x="120" y="576" width="40" height="20"/>
	<SubTexture name="button_woodBlank.png" x="352" y="344" width="24" height="24"/>
	<SubTexture name="button_woodCircle.png" x="336" y="571" width="24" height="24"/>
	<SubTexture name="button_woodClose.png" x="328" y="320" width="24" height="24"/>
	<SubTexture name="button_woodPaperBlank.png" x="564" y="384" width="24" height="24"/>
	<SubTexture name="button_woodPaperCircle.png" x="328" y="344" width="24" height="24"/>
	<SubTexture name="button_woodPaperClose.png" x="564" y="408" width="24" height="24"/>
	<SubTexture name="hexagon_metal.png" x="520" y="64" width="52" height="64"/>
	<SubTexture name="hexagon_metalDark.png" x="520" y="256" width="52" height="64"/>
	<SubTexture name="hexagon_metalGreen.png" x="512" y="384" width="52" height="64"/>
	<SubTexture name="hexagon_metalRed.png" x="520" y="0" width="52" height="64"/>
	<SubTexture name="hexagon_wood.png" x="520" y="128" width="52" height="64"/>
	<SubTexture name="hexagon_woodPaper.png" x="512" y="448" width="52" height="64"/>
	<SubTexture name="hexagon_woodPaperWear.png" x="512" y="512" width="52" height="64"/>
	<SubTexture name="hexagon_woodWear.png" x="520" y="192" width="52" height="64"/>
	<SubTexture name="minimapDirection_E.png" x="572" y="260" width="16" height="21"/>
	<SubTexture name="minimapDirection_N.png" x="290" y="407" width="20" height="21"/>
	<SubTexture name="minimapDirection_S.png" x="564" y="432" width="17" height="22"/>
	<SubTexture name="minimapDirection_W.png" x="264" y="407" width="26" height="21"/>
	<SubTexture name="minimapIcon_arrowA.png" x="152" y="428" width="16" height="16"/>
	<SubTexture name="minimapIcon_arrowB.png" x="448" y="576" width="16" height="18"/>
	<SubTexture name="minimapIcon_arrowC.png" x="216" y="428" width="12" height="16"/>
	<SubTexture name="minimapIcon_arrowD.png" x="136" y="428" width="16" height="16"/>
	<SubTexture name="minimapIcon_exclamationRed.png" x="376" y="320" width="6" height="14"/>
	<SubTexture name="minimapIcon_exclamationWhite.png" x="312" y="556" width="6" height="14"/>
	<SubTexture name="minimapIcon_exclamationYellow.png" x="310" y="407" width="6" height="14"/>
	<SubTexture name="minimapIcon_jewelRed.png" x="566" y="582" width="14" height="14"/>
	<SubTexture name="minimapIcon_jewelWhite.png" x="552" y="582" width="14" height="14"/>
	<SubTexture name="minimapIcon_jewelYellow.png" x="538" y="582" width="14" height="14"/>
	<SubTexture name="minimapIcon_starRed.png" x="524" y="582" width="14" height="14"/>
	<SubTexture name="minimapIcon_starWhite.png" x="496" y="582" width="14" height="14"/>
	<SubTexture name="minimapIcon_starYellow.png" x="510" y="582" width="14" height="14"/>
	<SubTexture name="minimapMap_blank.png" x="136" y="172" width="128" height="128"/>
	<SubTexture name="minimapMap_stone.png" x="0" y="308" width="136" height="136"/>
	<SubTexture name="minimapMap_stoneRing.png" x="0" y="444" width="128" height="128"/>
	<SubTexture name="minimapMap_wood.png" x="0" y="172" width="136" height="136"/>
	<SubTexture name="minimapMap_woodRing.png" x="128" y="444" width="128" height="128"/>
	<SubTexture name="panel_blueprintPaperWear.png" x="200" y="364" width="64" height="64"/>
	<SubTexture name="panel_blueprintWear.png" x="256" y="428" width="64" height="64"/>
	<SubTexture name="panel_boltsBlue.png" x="256" y="492" width="64" height="64"/>
	<SubTexture name="panel_boltsDetail.png" x="264" y="59" width="64" height="64"/>
	<SubTexture name="panel_boltsDetailSquare.png" x="328" y="64" width="64" height="64"/>
	<SubTexture name="panel_boltsDetailSquare_blank.png" x="328" y="128" width="64" height="64"/>
	<SubTexture name="panel_boltsGreen.png" x="328" y="192" width="64" height="64"/>
	<SubTexture name="panel_boltsRed.png" x="328" y="256" width="64" height="64"/>
	<SubTexture name="panel_metal.png" x="384" y="320" width="64" height="64"/>
	<SubTexture name="panel_metalBlank.png" x="512" y="320" width="64" height="64"/>
	<SubTexture name="panel_metalBlue.png" x="136" y="364" width="64" height="64"/>
	<SubTexture name="panel_metalBolts.png" x="384" y="448" width="64" height="64"/>
	<SubTexture name="panel_metalBoltsDark.png" x="384" y="512" width="64" height="64"/>
	<SubTexture name="panel_metalDark.png" x="392" y="0" width="64" height="64"/>
	<SubTexture name="panel_metalGreen.png" x="392" y="64" width="64" height="64"/>
	<SubTexture name="panel_metalRed.png" x="136" y="300" width="64" height="64"/>
	<SubTexture name="panel_wood.png" x="392" y="128" width="64" height="64"/>
	<SubTexture name="panel_woodArrows.png" x="392" y="192" width="64" height="64"/>
	<SubTexture name="panel_woodDetail.png" x="200" y="300" width="64" height="64"/>
	<SubTexture name="panel_woodDetailArrows.png" x="448" y="320" width="64" height="64"/>
	<SubTexture name="panel_woodDetailSquare.png" x="448" y="384" width="64" height="64"/>
	<SubTexture name="panel_woodDetail_blank.png" x="392" y="256" width="64" height="64"/>
	<SubTexture name="panel_woodPaper.png" x="448" y="448" width="64" height="64"/>
	<SubTexture name="panel_woodPaperArrows.png" x="448" y="512" width="64" height="64"/>
	<SubTexture name="panel_woodPaperDetail.png" x="456" y="0" width="64" height="64"/>
	<SubTexture name="panel_woodPaperDetailArrows.png" x="456" y="64" width="64" height="64"/>
	<SubTexture name="panel_woodPaperDetailSquare.png" x="456" y="128" width="64" height="64"/>
	<SubTexture name="panel_woodPaperWear.png" x="456" y="192" width="64" height="64"/>
	<SubTexture name="panel_woodWear.png" x="456" y="256" width="64" height="64"/>
	<SubTexture name="panel_woodWear_blank.png" x="384" y="384" width="64" height="64"/>
	<SubTexture name="patternStripesMetal_large.png" x="284" y="556" width="28" height="28"/>
	<SubTexture name="patternStripesMetal_small.png" x="256" y="556" width="28" height="28"/>
	<SubTexture name="patternStripesRed_large.png" x="292" y="379" width="28" height="28"/>
	<SubTexture name="patternStripesRed_small.png" x="268" y="28" width="28" height="28"/>
	<SubTexture name="patternStripesShadow_large.png" x="264" y="379" width="28" height="28"/>
	<SubTexture name="patternStripesShadow_small.png" x="268" y="0" width="28" height="28"/>
	<SubTexture name="pattern_blueprint.png" x="296" y="28" width="28" height="28"/>
	<SubTexture name="pattern_blueprintPaper.png" x="296" y="0" width="28" height="28"/>
	<SubTexture name="progress.png" x="580" y="454" width="16" height="34"/>
	<SubTexture name="progress_blue.png" x="580" y="518" width="12" height="30"/>
	<SubTexture name="progress_blueBorder.png" x="572" y="281" width="16" height="34"/>
	<SubTexture name="progress_blueBorderSmall.png" x="184" y="428" width="16" height="16"/>
	<SubTexture name="progress_blueSmall.png" x="240" y="428" width="12" height="12"/>
	<SubTexture name="progress_green.png" x="580" y="548" width="12" height="30"/>
	<SubTexture name="progress_greenBorder.png" x="572" y="64" width="16" height="34"/>
	<SubTexture name="progress_greenBorderSmall.png" x="240" y="572" width="16" height="16"/>
	<SubTexture name="progress_greenSmall.png" x="256" y="584" width="12" height="12"/>
	<SubTexture name="progress_red.png" x="580" y="488" width="12" height="30"/>
	<SubTexture name="progress_redBorder.png" x="572" y="226" width="16" height="34"/>
	<SubTexture name="progress_redBorderSmall.png" x="168" y="428" width="16" height="16"/>
	<SubTexture name="progress_redSmall.png" x="228" y="428" width="12" height="12"/>
	<SubTexture name="progress_small.png" x="200" y="428" width="16" height="16"/>
	<SubTexture name="round_metal.png" x="328" y="0" width="64" height="64"/>
	<SubTexture name="round_metalDark.png" x="320" y="507" width="64" height="64"/>
	<SubTexture name="round_metalGreen.png" x="320" y="443" width="64" height="64"/>
	<SubTexture name="round_metalRed.png" x="320" y="379" width="64" height="64"/>
	<SubTexture name="round_wood.png" x="264" y="315" width="64" height="64"/>
	<SubTexture name="round_woodPaper.png" x="264" y="251" width="64" height="64"/>
	<SubTexture name="round_woodPaperWear.png" x="264" y="187" width="64" height="64"/>
	<SubTexture name="round_woodWear.png" x="264" y="123" width="64" height="64"/>
	<SubTexture name="scrollbar_barPoint.png" x="572" y="162" width="16" height="64"/>
	<SubTexture name="scrollbar_barPointSmall.png" x="416" y="576" width="16" height="20"/>
	<SubTexture name="scrollbar_barRound.png" x="572" y="98" width="16" height="64"/>
	<SubTexture name="scrollbar_barRoundSmall.png" x="464" y="576" width="16" height="20"/>
	<SubTexture name="scrollbar_metal.png" x="576" y="315" width="16" height="64"/>
	<SubTexture name="scrollbar_metalRed.png" x="564" y="454" width="16" height="64"/>
	<SubTexture name="scrollbar_metalRedSmall.png" x="480" y="576" width="16" height="20"/>
	<SubTexture name="scrollbar_metalSmall.png" x="432" y="576" width="16" height="20"/>
	<SubTexture name="scrollbar_stone.png" x="564" y="518" width="16" height="64"/>
	<SubTexture name="scrollbar_stoneSmall.png" x="400" y="576" width="16" height="20"/>
	<SubTexture name="scrollbar_wood.png" x="572" y="0" width="16" height="64"/>
	<SubTexture name="scrollbar_woodSmall.png" x="384" y="576" width="16" height="20"/>
</TextureAtlas>