<TextureAtlas imagePath="interfacePack_sheet@2.png">
	<SubTexture name="bannerHanging.png" x="0" y="0" width="536" height="118"/>
	<SubTexture name="bannerModern.png" x="0" y="118" width="528" height="100"/>
	<SubTexture name="bannerScroll.png" x="0" y="218" width="521" height="126"/>
	<SubTexture name="button_metalBlank.png" x="672" y="1142" width="48" height="48"/>
	<SubTexture name="button_metalCircle.png" x="656" y="640" width="48" height="48"/>
	<SubTexture name="button_metalClose.png" x="656" y="688" width="48" height="48"/>
	<SubTexture name="button_rectangleMetal.png" x="400" y="1152" width="80" height="40"/>
	<SubTexture name="button_rectangleMetalClose.png" x="160" y="1152" width="80" height="40"/>
	<SubTexture name="button_rectangleRed.png" x="0" y="1152" width="80" height="40"/>
	<SubTexture name="button_rectangleRedClose.png" x="80" y="1152" width="80" height="40"/>
	<SubTexture name="button_rectangleWood.png" x="320" y="1152" width="80" height="40"/>
	<SubTexture name="button_rectangleWoodClose.png" x="240" y="1152" width="80" height="40"/>
	<SubTexture name="button_woodBlank.png" x="624" y="1142" width="48" height="48"/>
	<SubTexture name="button_woodCircle.png" x="720" y="1142" width="48" height="48"/>
	<SubTexture name="button_woodClose.png" x="704" y="640" width="48" height="48"/>
	<SubTexture name="button_woodPaperBlank.png" x="1128" y="768" width="48" height="48"/>
	<SubTexture name="button_woodPaperCircle.png" x="704" y="688" width="48" height="48"/>
	<SubTexture name="button_woodPaperClose.png" x="1128" y="816" width="48" height="48"/>
	<SubTexture name="hexagon_metal.png" x="1024" y="1024" width="104" height="128"/>
	<SubTexture name="hexagon_metalDark.png" x="1040" y="512" width="104" height="128"/>
	<SubTexture name="hexagon_metalGreen.png" x="1024" y="896" width="104" height="128"/>
	<SubTexture name="hexagon_metalRed.png" x="1040" y="384" width="104" height="128"/>
	<SubTexture name="hexagon_wood.png" x="1040" y="256" width="104" height="128"/>
	<SubTexture name="hexagon_woodPaper.png" x="1040" y="128" width="104" height="128"/>
	<SubTexture name="hexagon_woodPaperWear.png" x="1040" y="0" width="104" height="128"/>
	<SubTexture name="hexagon_woodWear.png" x="1024" y="768" width="104" height="128"/>
	<SubTexture name="minimapDirection_E.png" x="1152" y="648" width="31" height="42"/>
	<SubTexture name="minimapDirection_N.png" x="580" y="814" width="40" height="42"/>
	<SubTexture name="minimapDirection_S.png" x="1128" y="864" width="33" height="43"/>
	<SubTexture name="minimapDirection_W.png" x="528" y="814" width="52" height="42"/>
	<SubTexture name="minimapIcon_arrowA.png" x="368" y="856" width="32" height="32"/>
	<SubTexture name="minimapIcon_arrowB.png" x="832" y="1152" width="32" height="36"/>
	<SubTexture name="minimapIcon_arrowC.png" x="1104" y="1152" width="24" height="32"/>
	<SubTexture name="minimapIcon_arrowD.png" x="400" y="856" width="32" height="32"/>
	<SubTexture name="minimapIcon_exclamationRed.png" x="620" y="814" width="12" height="28"/>
	<SubTexture name="minimapIcon_exclamationWhite.png" x="752" y="640" width="12" height="28"/>
	<SubTexture name="minimapIcon_exclamationYellow.png" x="624" y="1112" width="12" height="28"/>
	<SubTexture name="minimapIcon_jewelRed.png" x="992" y="1152" width="28" height="28"/>
	<SubTexture name="minimapIcon_jewelWhite.png" x="1020" y="1152" width="28" height="28"/>
	<SubTexture name="minimapIcon_jewelYellow.png" x="460" y="856" width="28" height="28"/>
	<SubTexture name="minimapIcon_starRed.png" x="1076" y="1152" width="28" height="28"/>
	<SubTexture name="minimapIcon_starWhite.png" x="1048" y="1152" width="28" height="28"/>
	<SubTexture name="minimapIcon_starYellow.png" x="432" y="856" width="28" height="28"/>
	<SubTexture name="minimapMap_blank.png" x="256" y="888" width="256" height="256"/>
	<SubTexture name="minimapMap_stone.png" x="0" y="344" width="272" height="272"/>
	<SubTexture name="minimapMap_stoneRing.png" x="0" y="888" width="256" height="256"/>
	<SubTexture name="minimapMap_wood.png" x="0" y="616" width="272" height="272"/>
	<SubTexture name="minimapMap_woodRing.png" x="272" y="344" width="256" height="256"/>
	<SubTexture name="panel_blueprintPaperWear.png" x="528" y="374" width="128" height="128"/>
	<SubTexture name="panel_blueprintWear.png" x="512" y="856" width="128" height="128"/>
	<SubTexture name="panel_boltsBlue.png" x="528" y="118" width="128" height="128"/>
	<SubTexture name="panel_boltsDetail.png" x="896" y="768" width="128" height="128"/>
	<SubTexture name="panel_boltsDetailSquare.png" x="896" y="896" width="128" height="128"/>
	<SubTexture name="panel_boltsDetailSquare_blank.png" x="896" y="1024" width="128" height="128"/>
	<SubTexture name="panel_boltsGreen.png" x="400" y="600" width="128" height="128"/>
	<SubTexture name="panel_boltsRed.png" x="400" y="728" width="128" height="128"/>
	<SubTexture name="panel_metal.png" x="896" y="640" width="128" height="128"/>
	<SubTexture name="panel_metalBlank.png" x="912" y="384" width="128" height="128"/>
	<SubTexture name="panel_metalBlue.png" x="912" y="512" width="128" height="128"/>
	<SubTexture name="panel_metalBolts.png" x="912" y="128" width="128" height="128"/>
	<SubTexture name="panel_metalBoltsDark.png" x="912" y="0" width="128" height="128"/>
	<SubTexture name="panel_metalDark.png" x="784" y="512" width="128" height="128"/>
	<SubTexture name="panel_metalGreen.png" x="640" y="886" width="128" height="128"/>
	<SubTexture name="panel_metalRed.png" x="1024" y="640" width="128" height="128"/>
	<SubTexture name="panel_wood.png" x="912" y="256" width="128" height="128"/>
	<SubTexture name="panel_woodArrows.png" x="784" y="256" width="128" height="128"/>
	<SubTexture name="panel_woodDetail.png" x="784" y="384" width="128" height="128"/>
	<SubTexture name="panel_woodDetailArrows.png" x="640" y="758" width="128" height="128"/>
	<SubTexture name="panel_woodDetailSquare.png" x="528" y="630" width="128" height="128"/>
	<SubTexture name="panel_woodDetail_blank.png" x="272" y="728" width="128" height="128"/>
	<SubTexture name="panel_woodPaper.png" x="528" y="502" width="128" height="128"/>
	<SubTexture name="panel_woodPaperArrows.png" x="528" y="246" width="128" height="128"/>
	<SubTexture name="panel_woodPaperDetail.png" x="272" y="600" width="128" height="128"/>
	<SubTexture name="panel_woodPaperDetailArrows.png" x="512" y="984" width="128" height="128"/>
	<SubTexture name="panel_woodPaperDetailSquare.png" x="640" y="1014" width="128" height="128"/>
	<SubTexture name="panel_woodPaperWear.png" x="656" y="0" width="128" height="128"/>
	<SubTexture name="panel_woodWear.png" x="656" y="128" width="128" height="128"/>
	<SubTexture name="panel_woodWear_blank.png" x="784" y="128" width="128" height="128"/>
	<SubTexture name="patternStripesMetal_large.png" x="584" y="758" width="56" height="56"/>
	<SubTexture name="patternStripesMetal_small.png" x="536" y="0" width="56" height="56"/>
	<SubTexture name="patternStripesRed_large.png" x="536" y="56" width="56" height="56"/>
	<SubTexture name="patternStripesRed_small.png" x="592" y="0" width="56" height="56"/>
	<SubTexture name="patternStripesShadow_large.png" x="568" y="1112" width="56" height="56"/>
	<SubTexture name="patternStripesShadow_small.png" x="592" y="56" width="56" height="56"/>
	<SubTexture name="pattern_blueprint.png" x="512" y="1112" width="56" height="56"/>
	<SubTexture name="pattern_blueprintPaper.png" x="528" y="758" width="56" height="56"/>
	<SubTexture name="progress.png" x="1144" y="128" width="32" height="68"/>
	<SubTexture name="progress_blue.png" x="1152" y="690" width="24" height="60"/>
	<SubTexture name="progress_blueBorder.png" x="1144" y="324" width="32" height="68"/>
	<SubTexture name="progress_blueBorderSmall.png" x="480" y="1144" width="32" height="32"/>
	<SubTexture name="progress_blueSmall.png" x="536" y="1168" width="24" height="24"/>
	<SubTexture name="progress_green.png" x="1160" y="1095" width="24" height="60"/>
	<SubTexture name="progress_greenBorder.png" x="1128" y="907" width="32" height="68"/>
	<SubTexture name="progress_greenBorderSmall.png" x="304" y="856" width="32" height="32"/>
	<SubTexture name="progress_greenSmall.png" x="512" y="1168" width="24" height="24"/>
	<SubTexture name="progress_red.png" x="1160" y="1035" width="24" height="60"/>
	<SubTexture name="progress_redBorder.png" x="1128" y="975" width="32" height="68"/>
	<SubTexture name="progress_redBorderSmall.png" x="272" y="856" width="32" height="32"/>
	<SubTexture name="progress_redSmall.png" x="488" y="856" width="24" height="24"/>
	<SubTexture name="progress_small.png" x="336" y="856" width="32" height="32"/>
	<SubTexture name="round_metal.png" x="784" y="0" width="128" height="128"/>
	<SubTexture name="round_metalDark.png" x="768" y="1024" width="128" height="128"/>
	<SubTexture name="round_metalGreen.png" x="768" y="896" width="128" height="128"/>
	<SubTexture name="round_metalRed.png" x="768" y="768" width="128" height="128"/>
	<SubTexture name="round_wood.png" x="768" y="640" width="128" height="128"/>
	<SubTexture name="round_woodPaper.png" x="656" y="512" width="128" height="128"/>
	<SubTexture name="round_woodPaperWear.png" x="656" y="384" width="128" height="128"/>
	<SubTexture name="round_woodWear.png" x="656" y="256" width="128" height="128"/>
	<SubTexture name="scrollbar_barPoint.png" x="1128" y="1043" width="32" height="128"/>
	<SubTexture name="scrollbar_barPointSmall.png" x="768" y="1152" width="32" height="40"/>
	<SubTexture name="scrollbar_barRound.png" x="1144" y="0" width="32" height="128"/>
	<SubTexture name="scrollbar_barRoundSmall.png" x="800" y="1152" width="32" height="40"/>
	<SubTexture name="scrollbar_metal.png" x="1152" y="520" width="32" height="128"/>
	<SubTexture name="scrollbar_metalRed.png" x="1160" y="907" width="32" height="128"/>
	<SubTexture name="scrollbar_metalRedSmall.png" x="864" y="1152" width="32" height="40"/>
	<SubTexture name="scrollbar_metalSmall.png" x="960" y="1152" width="32" height="40"/>
	<SubTexture name="scrollbar_stone.png" x="1144" y="392" width="32" height="128"/>
	<SubTexture name="scrollbar_stoneSmall.png" x="896" y="1152" width="32" height="40"/>
	<SubTexture name="scrollbar_wood.png" x="1144" y="196" width="32" height="128"/>
	<SubTexture name="scrollbar_woodSmall.png" x="928" y="1152" width="32" height="40"/>
</TextureAtlas>